Asset ID;Site Name;Plot Number;Feature ID;Location;Type;Primary Measure;Unit;Site Code;Feature GP;x;y;Dead;Classification;Extent Easting 1;Extent Northing 1;Extent Easting 2;Extent Northing 2;Layers;Latin code;Latin name;Feature type name;Common name;Full common name;Crown height;Crown width;Crown area;Trunk diameter at 1.3m;Location risk zone;Epicormic;Insurance claim history;geo_shape;geo_point_2d,,,,
"00120705;Valley Walk;100247;;;Tree - Parks and Green Space;1;Number;VALLWA;TR;358872;167387.59;N;;;;;;;AEHI;Aesculus hippocastanum;Tree - Parks and Green Space;Horse Chestnut;Horse chestnut;8;6;20.1 - 100 M2 (New);39 Centimetres;Zone C - Moderate;;No Code Allocated;""{""""type"""": """"Point"""""," """"coordinates"""": [-2.592646063850305"," 51.40401544434873]}"";51.4040154443",-2.592646064,
"00094713;Victoria Park;100532;;;Tree - Highways Unadopted;1;Number;VICTPA;TR;358880.21;171443.77;N;;;;;;;TIXE;Tilia x europea;Tree - Highways Unadopted;Lime;European lime;5;5;20.1 - 100 M2 (New);19 Centimetres;Zone D - Low;;No Code Allocated;""{""""type"""": """"Point"""""," """"coordinates"""": [-2.593000046302783"," 51.44048556826991]}"";51.4404855683",-2.593000046,
"00140828;Victoria Park;100590;;;Tree - Parks and Green Space;1;Number;VICTPA;TR;359444.73;171295.03;N;;;;;;;TICO;Tilia cordata;Tree - Parks and Green Space;Lime;Small-leaved lime;3;1;Up to 20 M2 (New);7 Centimetres;Zone C - Moderate;;No Code Allocated;""{""""type"""": """"Point"""""," """"coordinates"""": [-2.584861395592382"," 51.43918905007822]}"";51.4391890501",-2.584861396,
"33171;Vincent Close Amenity Area;100030;;;Tree - Housing;1;Number;VINCCLAA;TR;355278.68;178639.18;N;;;;;;;TIZZ;Tilia - Species Unknown;Tree - Housing;Lime;Unidentified lime;10;12;100.1 - 200 M2 (New);46 Centimetres;;;;""{""""type"""": """"Point"""""," """"coordinates"""": [-2.645726675777423"," 51.50490538892946]}"";51.5049053889",-2.645726676,
"00266871;Victoria Square Park;100022.02;;;Tree - Parks and Green Space;1;Number;VICTSQ;TR;357317.88;173149.24;N;;;;;;;PATO;Paulownia tomentosa;Tree - Parks and Green Space;Foxglove Tree;Foxglove tree;3;4;;10 Centimetres;No Code Allocated;;No Code Allocated;""{""""type"""": """"Point"""""," """"coordinates"""": [-2.615682953339129"," 51.45570359711741]}"";51.4557035971",-2.615682953,
"00283586;Wedmore Vale Island;100005.4;;;Tree - Housing;1;Number;WEDMVAIS;TR;359160.21;170769.84;N;;;;;;;UKN1;Unknown species - Broadleaf;Tree - Housing;;;2;2;;7 Centimetres;No Code Allocated;;No Code Allocated;""{""""type"""": """"Point"""""," """"coordinates"""": [-2.588893822983146"," 51.43444652172963]}"";51.4344465217",-2.588893823,
"00066789;Victoria Square Park;100038;;;Tree - Parks and Green Space;1;Number;VICTSQ;TR;357214.75;173109.95;N;;;;;;;ILAQ;Ilex aquifolium;Tree - Parks and Green Space;Holly;Common holly;7;5;20.1 - 100 M2 (New);17 Centimetres;Zone C - Moderate;;No Code Allocated;""{""""type"""": """"Point"""""," """"coordinates"""": [-2.617162369635116"," 51.45534253434143]}"";51.4553425343",-2.61716237,
"00280142;Briery Leaze Road Open Space;100132;;;Tree - Parks and Green Space;0;Number;WHITPH2;TR;360230.69;168274.25;N;;;;;;;NA;No Code Allocated;Tree - Parks and Green Space;;;No;No;;No Code Allocated;No Code Allocated;;No Code Allocated;""{""""type"""": """"Point"""""," """"coordinates"""": [-2.57321427665185"," 51.41208471939222]}"";51.4120847194",-2.573214277,
"00227712;Eastwood Farm;100096;;;Tree - Parks and Green Space;1;Number;EASTFAINCO;TR;363138.16;171380.24;N;;;;;;;FREX;Fraxinus excelsior;Tree - Parks and Green Space;Ash;Common ash;10;10;20.1 - 100 M2 (New);30 Centimetres;Zone C - Moderate;;No Code Allocated;""{""""type"""": """"Point"""""," """"coordinates"""": [-2.53173523965031"," 51.44020833826806]}"";51.4402083383",-2.53173524,
"00098151;Whittock Road Open Space;100021;;;Tree - Parks and Green Space;7;Number;WHITRDOS;TR;361845.76;168724.53;N;;;;;;;SOAU;Sorbus aucuparia;Tree - Parks and Green Space;Rowan;Rowan;4;2;Up to 20 M2 (New);No Code Allocated;Zone D - Low;;;""{""""type"""": """"Point"""""," """"coordinates"""": [-2.550041676683194"," 51.41624458096913]}"";51.416244581",-2.550041677,
"00265936;Easton Leisure Centre;100002;;;Tree - Parks and Green Space;1;Number;EASTLC;TR;360183.16;173584.48;N;;;;;;;NA;No Code Allocated;Tree - Parks and Green Space;;;No;No;;No Code Allocated;No Code Allocated;;No Code Allocated;""{""""type"""": """"Point"""""," """"coordinates"""": [-2.574496532241968"," 51.45982623737907]}"";51.4598262374",-2.574496532,
"00153171;Eastville Library;100006;;;Tree - BCC Other;1;Number;EASTLI;TR;360597.34;175431.11;N;;;;;;;ACPS;Acer pseudoplatanus;Tree - BCC Other;Sycamore;Sycamore;10;7;20.1 - 100 M2 (New);29 Centimetres;Zone B - High;;;""{""""type"""": """"Point"""""," """"coordinates"""": [-2.568741808810099"," 51.47645848402439]}"";51.476458484",-2.568741809,
"40139;Willmott Park;100107;;;Tree - Parks and Green Space;1;Number;WILLPA;TR;358253.9;168360.94;N;;;;;;;PNZZ;Pinus - Unknown Species;Tree - Parks and Green Space;Pine;Unidentified pine;5;4;Up to 20 M2 (New);20 Centimetres;;;;""{""""type"""": """"Point"""""," """"coordinates"""": [-2.601646260932876"," 51.41272165458213]}"";51.4127216546",-2.601646261,
"00266874;Victoria Square Park;100060.02;;;Tree - Parks and Green Space;1;Number;VICTSQ;TR;357289;173093.98;N;;;;;;;GIBI;Ginkgo biloba;Tree - Parks and Green Space;Gingko;Maidenhair tree;3;1;;8 Centimetres;No Code Allocated;;No Code Allocated;""{""""type"""": """"Point"""""," """"coordinates"""": [-2.6160918848851553"," 51.45520456974859]}"";51.4552045697",-2.616091885,
"42339;Clifton and Durdham Downs;101699;;;Tree - Parks and Green Space;1;Number;DURDDO;TR;356471.72;174109.99;N;;;;;;;TIZZ;Tilia - Species Unknown;Tree - Parks and Green Space;Lime;Unidentified lime;9;8;20.1 - 100 M2 (New);32 Centimetres;;;;""{""""type"""": """"Point"""""," """"coordinates"""": [-2.6279789221838312"," 51.464277083805776]}"";51.4642770838",-2.627978922,
"31203;Clifton and Durdham Downs;101869;;;Tree - Parks and Green Space;1;Number;DURDDO;TR;356627.58;173828.05;N;;;;;;;QURO;Quercus robur;Tree - Parks and Green Space;Oak;English oak;7;6;20.1 - 100 M2 (New);20 Centimetres;;;;""{""""type"""": """"Point"""""," """"coordinates"""": [-2.625700784835705"," 51.461754164011126]}"";51.461754164",-2.625700785,
"31215;Clifton and Durdham Downs;101964;;;Tree - Parks and Green Space;1;Number;DURDDO;TR;356577.62;173415.12;N;;;;;;;FASY;Fagus sylvatica;Tree - Parks and Green Space;Beech;Common beech;12;5;20.1 - 100 M2 (New);20 Centimetres;;;;""{""""type"""": """"Point"""""," """"coordinates"""": [-2.626369027135985"," 51.45803767468318]}"";51.4580376747",-2.626369027,
"42577;Clifton and Durdham Downs;102030;;;Tree - Parks and Green Space;1;Number;DURDDO;TR;356642.94;173195.13;N;;;;;;;CRMO;Crataegus monogyna;Tree - Parks and Green Space;Hawthorn;Common hawthorn;4;2;Up to 20 M2 (New);8 Centimetres;;;;""{""""type"""": """"Point"""""," """"coordinates"""": [-2.625401893907902"," 51.456064766278494]}"";51.4560647663",-2.625401894,
"31272;Clifton and Durdham Downs;102136;;;Tree - Parks and Green Space;1;Number;DURDDO;TR;356918.83;173264.57;N;;;;;;;TIZZ;Tilia - Species Unknown;Tree - Parks and Green Space;Lime;Unidentified lime;16;9;100.1 - 200 M2 (New);32 Centimetres;;;;""{""""type"""": """"Point"""""," """"coordinates"""": [-2.6214399126651493"," 51.456710220606844]}"";51.4567102206",-2.621439913,
"31290;Clifton and Durdham Downs;102154;;;Tree - Parks and Green Space;1;Number;DURDDO;TR;356965.13;173314.14;N;;;;;;;QURO;Quercus robur;Tree - Parks and Green Space;Oak;English oak;4;3;Up to 20 M2 (New);8 Centimetres;;;;""{""""type"""": """"Point"""""," """"coordinates"""": [-2.620779626268704"," 51.45715943569296]}"";51.4571594357",-2.620779626,
"00093586;Withywood Park;100014;;;Tree - Parks and Green Space;1;Number;WITHPA;TR;356701.41;167885.76;N;;;;;;;SACA;Salix caprea;Tree - Parks and Green Space;Willow;Goat willow;8;8;20.1 - 100 M2 (New);23 Centimetres;Zone D - Low;;No Code Allocated;""{""""type"""": """"Point"""""," """"coordinates"""": [-2.623909575584631"," 51.40833252809825]}"";51.4083325281",-2.623909576,
"00280024;Withywood Park;100028.03;;;Tree - Parks and Green Space;0;Number;WITHPA;TR;356836.68;168030.49;N;;;;;;;NA;No Code Allocated;Tree - Parks and Green Space;;;No;No;;23 Centimetres;No Code Allocated;;No Code Allocated;""{""""type"""": """"Point"""""," """"coordinates"""": [-2.621982531837523"," 51.409644146253726]}"";51.4096441463",-2.621982532,
"00069584;Dursley Road Amenity Land;100020;;;Tree - Housing;1;Number;DURSRO;TR;353420.09;176380.77;N;;;;;;;PRZZ;Prunus - Species Unknown;Tree - Housing;Cherry;Unidentified cherry;3;4;Up to 20 M2 (New);12 Centimetres;Zone C - Moderate;;;""{""""type"""": """"Point"""""," """"coordinates"""": [-2.672204022102898"," 51.484449841394856]}"";51.4844498414",-2.672204022,
"00079751;Hassell Drive Open Space;100027;;;Tree - Parks and Green Space;1;Number;EAST6OS;TR;360252.14;173203.02;N;;;;;;;ACPS;Acer pseudoplatanus;Tree - Parks and Green Space;Sycamore;Sycamore;9;9;20.1 - 100 M2 (New);42 Centimetres;Zone C - Moderate;;No Code Allocated;""{""""type"""": """"Point"""""," """"coordinates"""": [-2.57346071725449"," 51.456401363335075]}"";51.4564013633",-2.573460717,
"00051231;Filton Avenue;100007;;;Tree - Highways Adopted;1;Number;4536950;TR;359602.18;176710.18;N;;;;;;;TIXE;Tilia x europea;Tree - Highways Adopted;Lime;European lime;11;9;20.1 - 100 M2 (New);47 Centimetres;Zone B - High;;No Code Allocated;""{""""type"""": """"Point"""""," """"coordinates"""": [-2.583216860201547"," 51.487888238498556]}"";51.4878882385",-2.58321686,
"35151;Walker Close Car Park;100008;;;Tree - Housing;1;Number;WALKCLCAPA;TR;360547.19;173578.4;N;;;;;;;PRZZ;Prunus - Species Unknown;Tree - Housing;Cherry;Unidentified cherry;7;9;20.1 - 100 M2 (New);38 Centimetres;;;;""{""""type"""": """"Point"""""," """"coordinates"""": [-2.569256444836729"," 51.45979713645577]}"";51.4597971365",-2.569256445,
"00088895;Walsh Avenue;100026;;;Tree - BCC Other;1;Number;WALSAV;TR;360485.54;169291.78;N;;;;;;;TIXE;Tilia x europea;Tree - BCC Other;Lime;European lime;12;11;100.1 - 200 M2 (New);51 Centimetres;Zone D - Low;;No Code Allocated;""{""""type"""": """"Point"""""," """"coordinates"""": [-2.569663855981673"," 51.42125135166733]}"";51.4212513517",-2.569663856,
"00099340;Windmill Lane;100012;;;Tree - Parks and Green Space;1;Number;4537885;TR;355607.18;179195.59;N;;;;;;;FREX;Fraxinus excelsior;Tree - Parks and Green Space;Ash;Common ash;10;5;20.1 - 100 M2 (New);27 Centimetres;Zone C - Moderate;;;""{""""type"""": """"Point"""""," """"coordinates"""": [-2.641064273932518"," 51.50993397717788]}"";51.5099339772",-2.641064274,
"00198429;Briar Way;100010.5;;Os 69/71;Tree - Highways Adopted;1;Number;4538172;TR;364065.77;175503.28;N;;;;;;;CRXP;Crataegus x persimilis Prunifo;Tree - Highways Adopted;Hawthorn;Broad-leaved cockspur thorn;3;5;Up to 20 M2 (New);10 Centimetres;Zone C - Moderate;;No Code Allocated;""{""""type"""": """"Point"""""," """"coordinates"""": [-2.518810287784095"," 51.47733904106183]}"";51.4773390411",-2.518810288,
"00052158;Staple Hill Road;100035;;Os 47;Tree - Highways Adopted;1;Number;4537368;TR;363918.4;175993.64;N;;;;;;;PLAC;Platanus x acerifolia;Tree - Highways Adopted;Plane;London plane;13;10;100.1 - 200 M2 (New);63 Centimetres;Zone B - High;;No Code Allocated;""{""""type"""": """"Point"""""," """"coordinates"""": [-2.520982438008222"," 51.481738517152415]}"";51.4817385172",-2.520982438,
"00281798;Southfield Road;100005.5;;;Tree - Highways Adopted;1;Number;4537687;TR;357182.62;177073.26;N;;;;;;;PRS3;Prunus serrula;Tree - Highways Adopted;Cherry;Tibetan cherry;No;No;;No Code Allocated;No Code Allocated;;No Code Allocated;""{""""type"""": """"Point"""""," """"coordinates"""": [-2.618106352938618"," 51.49097414526437]}"";51.4909741453",-2.618106353,
"00060280;Newfoundland Road;100027;;Map required for this site;Tree - Highways Adopted;1;Number;4535146;TR;359829.7;173878.94;N;;;;;;;MAJO;Malus John Downie;Tree - Highways Adopted;Apple;Crabapple;7;6;20.1 - 100 M2 (New);20 Centimetres;Zone B - High;;No Code Allocated;""{""""type"""": """"Point"""""," """"coordinates"""": [-2.5796173513468883"," 51.462448699204494]}"";51.4624486992",-2.579617351,
"00062192;Charlton Road;100027;;;Tree - Highways Adopted;1;Number;4545398;TR;357669.72;178497.9;N;;;;;;;ZPIT;ZZ Empty tree pit;Tree - Highways Adopted;;;7;5;20.1 - 100 M2 (New);26 Centimetres;Zone B - High;;No Code Allocated;""{""""type"""": """"Point"""""," """"coordinates"""": [-2.611262289588359"," 51.503819797438275]}"";51.5038197974",-2.61126229,
"00060931;Daventry Road;100001;;Os 1;Tree - Highways Adopted;1;Number;4539777;TR;359864.78;170466.45;N;;;;;;;ACPS;Acer pseudoplatanus;Tree - Highways Adopted;Sycamore;Sycamore;9;8;20.1 - 100 M2 (New);63 Centimetres;Zone B - High;;No Code Allocated;""{""""type"""": """"Point"""""," """"coordinates"""": [-2.57872425123476"," 51.43176920548325]}"";51.4317692055",-2.578724251,
"00051963;New Station Road;100015;;Os 37;Tree - Highways Adopted;1;Number;4545486;TR;363336.56;175686.95;N;;;;;;;PLAC;Platanus x acerifolia;Tree - Highways Adopted;Plane;London plane;8;7;20.1 - 100 M2 (New);50 Centimetres;Zone C - Moderate;;No Code Allocated;""{""""type"""": """"Point"""""," """"coordinates"""": [-2.52932887249314"," 51.478943496877214]}"";51.4789434969",-2.529328872,
"00230034;Ashton Drive;100006.5;;""Os 157/159",,,,
"Dead juvenile"";Tree - Highways Adopted;1;Number;4545123;TR;356599.74;170561.73;N;;;;;;;MATR;Malus trilobata;Tree - Highways Adopted;Apple;Maple-leaved crabapple;3;2;Up to 20 M2 (New);5 Centimetres;Zone C - Moderate;;No Code Allocated;""{""""type"""": """"Point"""""," """"coordinates"""": [-2.625699809517501"," 51.43238451492959]}"";51.4323845149",-2.62569981,
00053248;Hillfields Avenue;100021;;Os 33 Plot 100,"020.5 Replacement for old trees;Tree - Highways Adopted;1;Number;4542494;TR;364395.44;175252.67;N;;;;;;;ZSTP;ZZ Tree stump;Tree - Highways Adopted;;;No;No;;No Code Allocated;Zone C - Moderate;;No Code Allocated;""{""""type"""": """"Point"""""," """"coordinates"""": [-2.514038215958471"," 51.47510668554574]}"";51.4751066855",-2.514038216
"00218259;Gatton Road;100010;;;Tree - Highways Adopted;1;Number;4542571;TR;360327.02;174452.09;N;;;;;;;TICO;Tilia cordata;Tree - Highways Adopted;Lime;Small-leaved lime;No;No;;No Code Allocated;Zone A - Very High;;No Code Allocated;""{""""type"""": """"Point"""""," """"coordinates"""": [-2.572523637823044"," 51.46763711057456]}"";51.4676371106",-2.572523638,
"00225251;Hobhouse Close;100002;;;Tree - Highways Adopted;1;Number;4543312;TR;358090.96;177114.83;N;;;;;;;PRZZ;Prunus - Species Unknown;Tree - Highways Adopted;Cherry;Unidentified cherry;7;16;20.1 - 100 M2 (New);43 Centimetres;Zone C - Moderate;;No Code Allocated;""{""""type"""": """"Point"""""," """"coordinates"""": [-2.605028937214099"," 51.49141614440704]}"";51.4914161444",-2.605028937,
"34131;Downman Road;100032;;;Tree - Housing;1;Number;4538413;TR;360329.78;176129.25;N;;;;;;;ROZZ;Robinia - Species Unknown;Tree - Housing;False Acacia;Unidentified false acacia;8;7;20.1 - 100 M2 (New);36 Centrimetres;;;;""{""""type"""": """"Point"""""," """"coordinates"""": [-2.572672786167795"," 51.48271673785272]}"";51.4827167379",-2.572672786,
"00062394;Sturminster Road;100007;;Os 217;Tree - Highways Adopted;1;Number;4549381;TR;361606.3;168377.47;N;;;;;;;ACPS;Acer pseudoplatanus;Tree - Highways Adopted;Sycamore;Sycamore;12;10;20.1 - 100 M2 (New);42 Centimetres;Zone C - Moderate;;No Code Allocated;""{""""type"""": """"Point"""""," """"coordinates"""": [-2.553447206274829"," 51.41310788795739]}"";51.413107888",-2.553447206,
"00054509;Hotwell Road;100012;;;Tree - Highways Adopted;1;Number;4549701;TR;357180.3;172519.45;N;;;;;;;SOIN;Sorbus intermedia;Tree - Highways Adopted;Whitebeam;Swedish whitebeam;7;8;20.1 - 100 M2 (New);43 Centimetres;Zone B - High;;No Code Allocated;""{""""type"""": """"Point"""""," """"coordinates"""": [-2.617586475905226"," 51.45003072919122]}"";51.4500307292",-2.617586476,
"00053601;The Crescent;100001;;;Tree - Highways Adopted;1;Number;4547093;TR;358469.64;177034.61;N;;;;;;;PRZZ;Prunus - Species Unknown;Tree - Highways Adopted;Cherry;Unidentified cherry;4;7;20.1 - 100 M2 (New);35 Centimetres;Zone C - Moderate;;No Code Allocated;""{""""type"""": """"Point"""""," """"coordinates"""": [-2.599565474166239"," 51.49072290760604]}"";51.4907229076",-2.599565474,
"00051381;York Avenue;100003;;;Tree - Highways Adopted;1;Number;4546630;TR;359838.74;175736.64;N;;;;;;;PRKA;Prunus Kanzan;Tree - Highways Adopted;Cherry;Kanzan cherry;6;7;20.1 - 100 M2 (New);32 Centimetres;Zone C - Moderate;;No Code Allocated;""{""""type"""": """"Point"""""," """"coordinates"""": [-2.579698973309481"," 51.47915201234958]}"";51.4791520123",-2.579698973,
"00062184;Charlton Road;100019;;;Tree - Highways Adopted;1;Number;4545398;TR;357755.09;178670.6;N;;;;;;;TIXE;Tilia x europea;Tree - Highways Adopted;Lime;European lime;16;10;100.1 - 200 M2 (New);71 Centimetres;Zone B - High;;No Code Allocated;""{""""type"""": """"Point"""""," """"coordinates"""": [-2.610053146244239"," 51.505378939248374]}"";51.5053789392",-2.610053146,
"00054504;Hotwell Road;100007;;;Tree - Highways Adopted;1;Number;4549701;TR;357204.54;172507.95;N;;;;;;;SOIN;Sorbus intermedia;Tree - Highways Adopted;Whitebeam;Swedish whitebeam;9;8;20.1 - 100 M2 (New);43 Centimetres;Zone B - High;;No Code Allocated;""{""""type"""": """"Point"""""," """"coordinates"""": [-2.617236277510885"," 51.44992917002083]}"";51.44992917",-2.617236278,
"00267816;Trym Valley Open Space;100021.1;;;Tree - Parks and Green Space;1;Number;TRYMVAOS;TR;358520.26;178125.55;N;;;;;;;MAZZ;Malus - Species Unknown;Tree - Parks and Green Space;Apple;Unidentified apple;6;6;;No Code Allocated;No Code Allocated;;No Code Allocated;""{""""type"""": """"Point"""""," """"coordinates"""": [-2.598965021863497"," 51.50053525184421]}"";51.5005352518",-2.598965022,
"00143210;Trym Valley Open Space;100022;;;Tree - Parks and Green Space;1;Number;TRYMVAOS;TR;358506.83;178130.78;N;;;;;;;PRA1;Prunus avium Plena;Tree - Parks and Green Space;Cherry;Double white cherry;6;4;Up to 20 M2 (New);8 Centimetres;Zone D - Low;;;""{""""type"""": """"Point"""""," """"coordinates"""": [-2.599159105069111"," 51.50058128610297]}"";51.5005812861",-2.599159105,
"00112127;Windmill Hill City Farm;100001;;;Tree - Parks and Green Space;1;Number;WINDHICIFA;TR;358910.61;171639.56;N;;;;;;;ACPS;Acer pseudoplatanus;Tree - Parks and Green Space;Sycamore;Sycamore;12;11;100.1 - 200 M2 (New);59 Centimetres;Zone D - Low;;No Code Allocated;""{""""type"""": """"Point"""""," """"coordinates"""": [-2.592585483713729"," 51.44224814267877]}"";51.4422481427",-2.592585484,
"00112140;Windmill Hill City Farm;100014;;;Tree - Parks and Green Space;1;Number;WINDHICIFA;TR;358972.02;171632.03;N;;;;;;;LAAN;Laburnum anagyroides;Tree - Parks and Green Space;Laburnum;Laburnum;6;7;20.1 - 100 M2 (New);No Code Allocated;Zone C - Moderate;;No Code Allocated;""{""""type"""": """"Point"""""," """"coordinates"""": [-2.591701089970163"," 51.442184904244215]}"";51.4421849042",-2.59170109,
"31268;Clifton and Durdham Downs;102132;;;Tree - Parks and Green Space;1;Number;DURDDO;TR;356977.17;173285.22;N;;;;;;;TIZZ;Tilia - Species Unknown;Tree - Parks and Green Space;Lime;Unidentified lime;22;16;350.1 Plus M2 (New);80 Centimetres;;;;""{""""type"""": """"Point"""""," """"coordinates"""": [-2.620602821089355"," 51.456900333567305]}"";51.4569003336",-2.620602821,
"42670;Clifton and Durdham Downs;102175;;;Tree - Parks and Green Space;1;Number;DURDDO;TR;356781.49;173163.03;N;;;;;;;CRMO;Crataegus monogyna;Tree - Parks and Green Space;Hawthorn;Common hawthorn;5;7;20.1 - 100 M2 (New);32 Centimetres;;;;""{""""type"""": """"Point"""""," """"coordinates"""": [-2.623404023215814"," 51.455786777940816]}"";51.4557867779",-2.623404023,
"00069545;Dursley Road Amenity Land;100002;;;Tree - Housing;1;Number;DURSRO;TR;353241.62;176334.46;N;;;;;;;BEPE;Betula pendula;Tree - Housing;Silver Birch;Silver birch;6;4;Up to 20 M2 (New);20 Centimetres;Zone C - Moderate;;;""{""""type"""": """"Point"""""," """"coordinates"""": [-2.674767887916139"," 51.48401871020794]}"";51.4840187102",-2.674767888,
"31800;Temple Gardens Park;100021;;;Tree - Parks and Green Space;1;Number;TEMPGAPA;TR;359408.98;172655.17;N;;;;;;;COFR;Cotoneaster frigidus;Tree - Parks and Green Space;Cotoneaster;Himalayan tree cotoneaster;6;9;20.1 - 100 M2 (New);No Code Allocated;;;;""{""""type"""": """"Point"""""," """"coordinates"""": [-2.585532156993003"," 51.45141560681798]}"";51.4514156068",-2.585532157,
"33211;The Chalet (SH);100018;;;Tree - Housing;1;Number;THECHSH;TR;356547.01;179219.01;N;;;;;;;PRAV;Prunus avium;Tree - Housing;Cherry;Wild cherry;6;7;20.1 - 100 M2 (New);31 Centimetres;;;;""{""""type"""": """"Point"""""," """"coordinates"""": [-2.627525708173111"," 51.51021779639491]}"";51.5102177964",-2.627525708,
"42573;Clifton and Durdham Downs;102026;;;Tree - Parks and Green Space;1;Number;DURDDO;TR;356615.78;173188.68;N;;;;;;;FREX;Fraxinus excelsior;Tree - Parks and Green Space;Ash;Common ash;12;6;20.1 - 100 M2 (New);32 Centimetres;;;;""{""""type"""": """"Point"""""," """"coordinates"""": [-2.625791972657502"," 51.45600468801561]}"";51.456004688",-2.625791973,
"00058498;Victoria Park;100302;;;Tree - Parks and Green Space;1;Number;VICTPA;TR;359032.91;171464.99;N;;;;;;;TIXE;Tilia x europea;Tree - Parks and Green Space;Lime;European lime;22;18;200.1 - 350 M2 (New);90 Centimetres;Zone C - Moderate;;No Code Allocated;""{""""type"""": """"Point"""""," """"coordinates"""": [-2.590805666679888"," 51.44068745499028]}"";51.440687455",-2.590805667,
"38763;Wharnecliffe Gardens South;100069;;;Tree - Housing;1;Number;WHARGASO;TR;360919.93;168154.3;N;;;;;;;SOAU;Sorbus aucuparia;Tree - Housing;Rowan;Rowan;2;4;Up to 20 M2 (New);10 Centimetres;;;;""{""""type"""": """"Point"""""," """"coordinates"""": [-2.563291257712634"," 51.411054295073974]}"";51.4110542951",-2.563291258,
"42585;Clifton and Durdham Downs;102038;;;Tree - Highways Adopted;1;Number;DURDDO;TR;356721.46;173188.68;N;;;;;;;CRMO;Crataegus monogyna;Tree - Highways Adopted;Hawthorn;Common hawthorn;3;3;Up to 20 M2 (New);32 Centimetres;;;;""{""""type"""": """"Point"""""," """"coordinates"""": [-2.624271084761539"," 51.456012798689606]}"";51.4560127987",-2.624271085,
"00201724;Victoria Park;100625.5;;Sponsored tree memorial (see notes);Tree - Parks and Green Space;1;Number;VICTPA;TR;359468.39;171649.63;N;;;;;;;LITU;Liriodendron tulipifera;Tree - Parks and Green Space;Tulip Tree;Tulip tree;No;No;;No Code Allocated;Zone C - Moderate;;No Code Allocated;""{""""type"""": """"Point"""""," """"coordinates"""": [-2.584561734900725"," 51.442378987615406]}"";51.4423789876",-2.584561735,
"28059;Station Road Flats 102-172;100017;;;Tree - Housing;1;Number;STATROFL1;TR;356432.97;179336.48;N;;;;;;;SEG1;Sequoiadendron giganteum;Tree - Housing;Redwood;Wellingtonia;15;6;20.1 - 100 M2 (New);No Code Allocated;;;;""{""""type"""": """"Point"""""," """"coordinates"""": [-2.629183409153628"," 51.51126515266294]}"";51.5112651527",-2.629183409,
"00194055;The Coots;100005.1;;;Tree - Housing;1;Number;THECO;TR;362293.34;168937.36;N;;;;;;;SOAU;Sorbus aucuparia;Tree - Housing;Rowan;Rowan;4;3;Up to 20 M2 (New);7 Centimetres;Zone C - Moderate;;No Code Allocated;""{""""type"""": """"Point"""""," """"coordinates"""": [-2.543628561534784"," 51.418188213123685]}"";51.4181882131",-2.543628562,
"00174521;Wharnecliffe Gardens South;100063.5;;;Tree - Housing;1;Number;WHARGASO;TR;360821.56;168067.36;N;;;;;;;SANI;Sambucus nigra;Tree - Housing;Elder;Elder;4;26;100.1 - 200 M2 (New);No Code Allocated;Zone D - Low;;No Code Allocated;""{""""type"""": """"Point"""""," """"coordinates"""": [-2.564695936779501"," 51.41026579469103]}"";51.4102657947",-2.564695937,
"00280137;Briery Leaze Road Open Space;100127;;;Tree - Parks and Green Space;0;Number;WHITPH2;TR;360223.36;168275.66;N;;;;;;;NA;No Code Allocated;Tree - Parks and Green Space;;;No;No;;No Code Allocated;No Code Allocated;;No Code Allocated;""{""""type"""": """"Point"""""," """"coordinates"""": [-2.573319824465273"," 51.412096881233204]}"";51.4120968812",-2.573319824,
"00199979;Whitchurch Railway Path;100028;;;Tree - Parks and Green Space;1;Number;WHITRAPA;TR;361441.09;168374.19;N;;;;;;;CRMO;Crataegus monogyna;Tree - Parks and Green Space;Hawthorn;Common hawthorn;2;2;Up to 20 M2 (New);6 Centimetres;Zone C - Moderate;;No Code Allocated;""{""""type"""": """"Point"""""," """"coordinates"""": [-2.555822262929537"," 51.41306715150792]}"";51.4130671515",-2.555822263,
"00279544;Whitchurch Railway Path;100001.3;;;Tree - Parks and Green Space;0;Number;WHITRAPA;TR;361486.23;168038.96;N;;;;;;;SOZZ;Sorbus - Species Unknown;Tree - Parks and Green Space;Sorbus;Unidentified Sorbus;2;1;;10 Centimetres;No Code Allocated;;No Code Allocated;""{""""type"""": """"Point"""""," """"coordinates"""": [-2.555136712039538"," 51.41005611643352]}"";51.4100561164",-2.555136712,
"00058124;St George Park;100631;;;Tree - Parks and Green Space;1;Number;STGEPA;TR;362076.99;173631.69;N;;;;;;;PLAC;Platanus x acerifolia;Tree - Parks and Green Space;Plane;London plane;19;19;350.1 Plus M2 (New);74 Centimetres;Zone C - Moderate;;No Code Allocated;""{""""type"""": """"Point"""""," """"coordinates"""": [-2.547244032097062"," 51.460381147522995]}"";51.4603811475",-2.547244032,
"00067415;St Johns Burial Ground;100011;;;Tree - Parks and Green Space;1;Number;STJOBUGR;TR;358525.92;171033.93;N;;;;;;;SOAR;Sorbus aria;Tree - Parks and Green Space;Whitebeam;Whitebeam;6;9;20.1 - 100 M2 (New);31 Centimetres;Zone D - Low;;No Code Allocated;""{""""type"""": """"Point"""""," """"coordinates"""": [-2.598048942551753"," 51.4367747657296]}"";51.4367747657",-2.598048943,
"00058155;St Johns Churchyard (South);100020;;;Tree - Parks and Green Space;1;Number;STJOCHSO;TR;358484.7;171418.64;N;;;;;;;TIXE;Tilia x europea;Tree - Parks and Green Space;Lime;European lime;11;17;200.1 - 350 M2 (New);59 Centimetres;Zone C - Moderate;;No Code Allocated;""{""""type"""": """"Point"""""," """"coordinates"""": [-2.598687150656403"," 51.440230691382716]}"";51.4402306914",-2.598687151,
"00120553;Valley Walk;100093;;;Tree - Parks and Green Space;1;Number;VALLWA;TR;358659.71;168146.86;N;;;;;;;SOAR;Sorbus aria;Tree - Parks and Green Space;Whitebeam;Whitebeam;6;6;20.1 - 100 M2 (New);34 Centimetres;Zone D - Low;;No Code Allocated;""{""""type"""": """"Point"""""," """"coordinates"""": [-2.595786525165288"," 51.41082665424875]}"";51.4108266542",-2.595786525,
"00120599;Valley Walk;100140;;;Tree - Parks and Green Space;1;Number;VALLWA;TR;358784.58;167899.2;N;;;;;;;ALGL;Alnus glutinosa;Tree - Parks and Green Space;Alder;Black alder;9;5;20.1 - 100 M2 (New);34 Centimetres;Zone C - Moderate;;No Code Allocated;""{""""type"""": """"Point"""""," """"coordinates"""": [-2.593962361685962"," 51.40860902953535]}"";51.4086090295",-2.593962362,
"00120614;Valley Walk;100155;;;Tree - Parks and Green Space;1;Number;VALLWA;TR;358751.72;167868.7;N;;;;;;;SAFR;Salix fragilis;Tree - Parks and Green Space;Willow;Crack willow;14;12;100.1 - 200 M2 (New);77 Centimetres;Zone D - Low;;No Code Allocated;""{""""type"""": """"Point"""""," """"coordinates"""": [-2.594431220746543"," 51.40833240435593]}"";51.4083324044",-2.594431221,
"00271652;Valley Walk;100157.05;;;Tree - Parks and Green Space;1;Number;VALLWA;TR;358684.88;167696.56;N;;;;;;;BEPE;Betula pendula;Tree - Parks and Green Space;Silver Birch;Silver birch;No;No;;6 Centimetres;No Code Allocated;;No Code Allocated;""{""""type"""": """"Point"""""," """"coordinates"""": [-2.595372040409873"," 51.40677979341963]}"";51.4067797934",-2.59537204,
"00271674;Valley Walk;100216.01;;;Tree - Parks and Green Space;1;Number;VALLWA;TR;358756.74;167405.68;N;;;;;;;BEPE;Betula pendula;Tree - Parks and Green Space;Silver Birch;Silver birch;No;No;;6 Centimetres;No Code Allocated;;No Code Allocated;""{""""type"""": """"Point"""""," """"coordinates"""": [-2.594305058915365"," 51.404169700340226]}"";51.4041697003",-2.594305059,
"00077972;St Mary Redcliffe Cemetery;100063;;;Tree - Parks and Green Space;1;Number;STMARECE;TR;360837.29;171697.76;N;;;;;;;ACPS;Acer pseudoplatanus;Tree - Parks and Green Space;Sycamore;Sycamore;9;10;20.1 - 100 M2 (New);18 Centimetres;Zone C - Moderate;;No Code Allocated;""{""""type"""": """"Point"""""," """"coordinates"""": [-2.56487228968689"," 51.44290831778296]}"";51.4429083178",-2.56487229,
"00058290;Victoria Park;100094;;;Tree - Parks and Green Space;1;Number;VICTPA;TR;359131.91;171331.79;N;;;;;;;TIXE;Tilia x europea;Tree - Parks and Green Space;Lime;European lime;27;15;350.1 Plus M2 (New);91 Centimetres;Zone C - Moderate;;No Code Allocated;""{""""type"""": """"Point"""""," """"coordinates"""": [-2.589365959831027"," 51.439497015154316]}"";51.4394970152",-2.58936596,
"00072452;Stoke Lodge Playing Field;100051;;;Tree - BCC Other;1;Number;STOKLOPLFI;TR;355918.29;176432.1;N;;;;;;;ROPS;Robinia pseudoacacia;Tree - BCC Other;False Acacia;False acacia;13;15;100.1 - 200 M2 (New);71 Centimetres;Zone D - Low;;;""{""""type"""": """"Point"""""," """"coordinates"""": [-2.6362355048341293"," 51.485112103555835]}"";51.4851121036",-2.636235505,
"31980;Sylvan Way Former Allotments R/O 31 - 47;100003;;;Tree - Housing;1;Number;SYLVWAFOAL;TR;354881.79;177000.14;N;;;;;;;QUZZ;Quercus - Species Unknown;Tree - Housing;Oak;Unidentified oak;4;4;Up to 20 M2 (New);8 Centimetres;;;;""{""""type"""": """"Point"""""," """"coordinates"""": [-2.651234447311483"," 51.49013733892179]}"";51.4901373389",-2.651234447,
"00058433;Victoria Park;100237;;;Tree - Parks and Green Space;1;Number;VICTPA;TR;359213.24;171583.14;N;;;;;;;ACPL;Acer platanoides;Tree - Parks and Green Space;Maple;Norway maple;10;13;100.1 - 200 M2 (New);52 Centimetres;Zone C - Moderate;;No Code Allocated;""{""""type"""": """"Point"""""," """"coordinates"""": [-2.58822496094795"," 51.441762801979245]}"";51.441762802",-2.588224961,
"42222;Clifton and Durdham Downs;101582;;;Tree - Parks and Green Space;1;Number;DURDDO;TR;356983.45;174299.29;N;;;;;;;BEPE;Betula pendula;Tree - Parks and Green Space;Silver Birch;Silver birch;15;9;100.1 - 200 M2 (New);41 Centimetres;;;;""{""""type"""": """"Point"""""," """"coordinates"""": [-2.620636151494851"," 51.46601831029847]}"";51.4660183103",-2.620636151,
"42259;Clifton and Durdham Downs;101619;;;Tree - Parks and Green Space;1;Number;DURDDO;TR;356752.52;174295.59;N;;;;;;;CRMO;Crataegus monogyna;Tree - Parks and Green Space;Hawthorn;Common hawthorn;2;2;Up to 20 M2 (New);8 Centimetres;;;;""{""""type"""": """"Point"""""," """"coordinates"""": [-2.623959842106319"," 51.465967395414324]}"";51.4659673954",-2.623959842,
"31061;Clifton and Durdham Downs;101326;;;Tree - Parks and Green Space;1;Number;DURDDO;TR;356555.8;174165.22;N;;;;;;;TIZZ;Tilia - Species Unknown;Tree - Parks and Green Space;Lime;Unidentified lime;5;5;20.1 - 100 M2 (New);20 Centimetres;;;;""{""""type"""": """"Point"""""," """"coordinates"""": [-2.626775477032618"," 51.46478013344149]}"";51.4647801334",-2.626775477,
"00093102;Tree Tops Developments (Knole Lane);100059;;;Tree - Parks and Green Space;1;Number;TREETODEKN;TR;357862.22;179081.08;N;;;;;;;ACZZ;Acer - Species Unknown;Tree - Parks and Green Space;Maple;Maple species;6;6;20.1 - 100 M2 (New);21 Centimetres;Zone C - Moderate;;;""{""""type"""": """"Point"""""," """"coordinates"""": [-2.60855890599969"," 51.50907756246978]}"";51.5090775625",-2.608558906,
"42278;Clifton and Durdham Downs;101638;;;Tree - Parks and Green Space;1;Number;DURDDO;TR;356719.25;174338.62;N;;;;;;;MIX;Mixed Species;Tree - Parks and Green Space;;;6;5;20.1 - 100 M2 (New);32 Centimetres;;;;""{""""type"""": """"Point"""""," """"coordinates"""": [-2.624444032744166"," 51.46635172698955]}"";51.466351727",-2.624444033,
"42389;Clifton and Durdham Downs;101749;;;Tree - Parks and Green Space;1;Number;DURDDO;TR;356522.66;173964.34;N;;;;;;;ILAQ;Ilex aquifolium;Tree - Parks and Green Space;Holly;Common holly;9;5;20.1 - 100 M2 (New);32 Centimetres;;;;""{""""type"""": """"Point"""""," """"coordinates"""": [-2.627227729338726"," 51.46297147364378]}"";51.4629714736",-2.627227729,
"34681;Wilson Street R/O 28 - 32;100006;;;Tree - BCC Other;1;Number;WILSST;TR;359589.23;173782.29;N;;;;;;;ROZZ;Robinia - Species Unknown;Tree - BCC Other;False Acacia;Unidentified false acacia;12;9;100.1 - 200 M2 (New);26 Centimetres;;;;""{""""type"""": """"Point"""""," """"coordinates"""": [-2.583067497572749"," 51.46156254592424]}"";51.4615625459",-2.583067498,
"00070558;Trymside Open Space;100079;;;Tree - Parks and Green Space;1;Number;TRYMOS;TR;355177.27;176279.41;N;;;;;;;AEHI;Aesculus hippocastanum;Tree - Parks and Green Space;Horse Chestnut;Horse chestnut;8;7;20.1 - 100 M2 (New);33 Centimetres;Zone D - Low;;No Code Allocated;""{""""type"""": """"Point"""""," """"coordinates"""": [-2.646887166723928"," 51.48368088198262]}"";51.483680882",-2.646887167,
"00112150;Windmill Hill City Farm;100024;;;Tree - Parks and Green Space;1;Number;WINDHICIFA;TR;358984.37;171602.18;N;;;;;;;FREX;Fraxinus excelsior;Tree - Parks and Green Space;Ash;Common ash;9;9;20.1 - 100 M2 (New);No Code Allocated;Zone C - Moderate;;No Code Allocated;""{""""type"""": """"Point"""""," """"coordinates"""": [-2.591519939471754"," 51.441917417716105]}"";51.4419174177",-2.591519939,
"42496;Clifton and Durdham Downs;101896;;;Tree - Parks and Green Space;1;Number;DURDDO;TR;356561.57;173825.5;N;;;;;;;FASY;Fagus sylvatica;Tree - Parks and Green Space;Beech;Common beech;20;15;200.1 - 350 M2 (New);80 Centimetres;;;;""{""""type"""": """"Point"""""," """"coordinates"""": [-2.626650568997381"," 51.46172616122943]}"";51.4617261612",-2.626650569,
"00098163;Whittock Road Open Space;100033;;;Tree - Parks and Green Space;1;Number;WHITRDOS;TR;361842.11;168772.81;N;;;;;;;BEPE;Betula pendula;Tree - Parks and Green Space;Silver Birch;Silver birch;9;5;20.1 - 100 M2 (New);17 Centimetres;Zone C - Moderate;;;""{""""type"""": """"Point"""""," """"coordinates"""": [-2.550099373460851"," 51.41667842860864]}"";51.4166784286",-2.550099373,
"40141;Willmott Park;100109;;;Tree - Parks and Green Space;1;Number;WILLPA;TR;358252.02;168382.45;N;;;;;;;TIZZ;Tilia - Species Unknown;Tree - Parks and Green Space;Lime;Unidentified lime;8;6;20.1 - 100 M2 (New);20 Centimetres;;;;""{""""type"""": """"Point"""""," """"coordinates"""": [-2.601675831201133"," 51.41291491436938]}"";51.4129149144",-2.601675831,
"40172;Willmott Park;100140;;;Tree - Parks and Green Space;1;Number;WILLPA;TR;358214.1;168334.59;N;;;;;;;ACPL;Acer platanoides;Tree - Parks and Green Space;Maple;Norway maple;5;4;Up to 20 M2 (New);8 Centimetres;;;;""{""""type"""": """"Point"""""," """"coordinates"""": [-2.602215387772519"," 51.41248179910165]}"";51.4124817991",-2.602215388,
"40190;Willmott Park;100158;;;Tree - Parks and Green Space;1;Number;WILLPA;TR;358260.36;168302.05;N;;;;;;;AEHI;Aesculus hippocastanum;Tree - Parks and Green Space;Horse Chestnut;Horse chestnut;5;4;Up to 20 M2 (New);20 Centimetres;;;;""{""""type"""": """"Point"""""," """"coordinates"""": [-2.601546427709981"," 51.412192645486165]}"";51.4121926455",-2.601546428,
"00059831;Brookleaze;100003;;;Tree - Highways Adopted;1;Number;4559931;TR;355036.88;176498.05;N;;;;;;;TIXE;Tilia x europea;Tree - Highways Adopted;Lime;European lime;14;7;20.1 - 100 M2 (New);60 Centimetres;Zone C - Moderate;;No Code Allocated;""{""""type"""": """"Point"""""," """"coordinates"""": [-2.648936708828817"," 51.48563548167005]}"";51.4856354817",-2.648936709,
"00054222;Henleaze Road;100006;;;Tree - Highways Adopted;1;Number;4560353;TR;357903.48;177035.49;N;;;;;;;TICO;Tilia cordata;Tree - Highways Adopted;Lime;Small-leaved lime;10;10;20.1 - 100 M2 (New);40 Centimetres;Zone B - High;;No Code Allocated;""{""""type"""": """"Point"""""," """"coordinates"""": [-2.60771965515627"," 51.49068883456891]}"";51.4906888346",-2.607719655,
"00051717;Gill Avenue;100016;;Os 145;Tree - Highways Adopted;1;Number;4552635;TR;364047.92;176687.19;N;;;;;;;SOIN;Sorbus intermedia;Tree - Highways Adopted;Whitebeam;Swedish whitebeam;6;7;20.1 - 100 M2 (New);33 Centimetres;Zone C - Moderate;;No Code Allocated;""{""""type"""": """"Point"""""," """"coordinates"""": [-2.5191882217860293"," 51.48798258097608]}"";51.487982581",-2.519188222,
"00053729;Henleaze Avenue;100013;;;Tree - Highways Adopted;1;Number;4552653;TR;357477.98;176323.22;N;;;;;;;TIXE;Tilia x europea;Tree - Highways Adopted;Lime;European lime;8;6;20.1 - 100 M2 (New);47 Centimetres;Zone C - Moderate;;Subsidence / heave claim;""{""""type"""": """"Point"""""," """"coordinates"""": [-2.6137618488709373"," 51.4842529118662]}"";51.4842529119",-2.613761849,
"00052187;Sherston Road;100004;;;Tree - Highways Adopted;1;Number;4541064;TR;359244.06;177958.03;N;;;;;;;PRC1;Prunus cerasifera Pissardii;Tree - Highways Adopted;Plum;Cherry plum;5;4;Up to 20 M2 (New);26 Centimetres;Zone C - Moderate;;No Code Allocated;""{""""type"""": """"Point"""""," """"coordinates"""": [-2.588518871862931"," 51.49908188477289]}"";51.4990818848",-2.588518872,
