genus,species,cultivar,other.part.of.name
Abies,,,
Abies,alba,,
Abies,amabilis,,
Abies,borisii-regis,,
Abies,bracteata,,
Abies,cephalonica,,
Abies,chayuensis,,
Abies,cilicica,,
Abies,concolor,,
Abies,delavayi,,
Abies,fabri,,
Abies,fargesii,,
Abies,firma,,
Abies,forrestii,,
Abies,fraseri,,
Abies,grandis,,
Abies,grandis,,var. compacta
Abies,holophylla,,
Abies,homolepis,,
Abies,koreana,,
Abies,magnifica,,
Abies,nordmanniana,,
Abies,pinsapo,,
Abies,procera,,
Abies,recurvata,,
Abies,sibirica,,
Abies,spectabilis,,
Abies,veitchii,,
Acacia,,,
Acacia,dealbata,,
Acacia,longifolia,,
Acacia,pravissima,,
Acacia,rigidula,,
Acer,,,
Acer,acuminatum,,
Acer,argutum,,
Acer,buergerianum,,
Acer,caesium,,
Acer,campbellii,,
Acer,campestre,,
Acer,campestre,Arends,
Acer,campestre,Elegant,
Acer,campestre,Elsrijk,
Acer,campestre,Lienco,
Acer,campestre,Louisa Red Shine,
Acer,campestre,Nanum,
Acer,campestre,Queen Elizabeth,
Acer,campestre,Tauricum,
Acer,capillipes,,
Acer,cappadocicum,,
Acer,cappadocicum,Aureum,
Acer,cappadocicum,Rubrum,
Acer,carpinifolium,,
Acer,caudatifolium,,
Acer,caudatum,,
Acer,circinatum,,
Acer,cissifolium,,
Acer,coriaceum,,
Acer,crataegifolium,,
Acer,davidii,,
Acer,davidii,Ernest Wilson,
Acer,davidii,George Forrest,
Acer,diabolicum,,
Acer,distylum,,
Acer,erianthum,,
Acer,franchetii,,
Acer,ginnala,,
Acer,glabrum,,
Acer,griseum,,
Acer,heldreichii,,
Acer,henryi,,
Acer,hyrcanum,,
Acer,japonicum,,
Acer,japonicum,Aconitifolium,
Acer,japonicum,Vitifolium,
Acer,lobelii,,
Acer,longipes,,
Acer,macrophyllum,,
Acer,martinii,,
Acer,monspessulanum,,
Acer,negundo,,
Acer,negundo,Flamingo,
Acer,nikoense,,
Acer,opalus,,
Acer,palmatum,,
Acer,palmatum,Atropurpureum,
Acer,palmatum,Bloodgood,
Acer,palmatum,Dissectum Atropurpureum,
Acer,palmatum,Fireglow,
Acer,palmatum,Garnet,
Acer,palmatum,Garnet,var. plena
Acer,palmatum,Hessei,
Acer,palmatum,Lionheart,
Acer,palmatum,Osakazuki,
Acer,palmatum,Polymorphum,
Acer,palmatum,Sango-kaku,
Acer,palmatum,Shishigashira,
Acer,pectinatum,,
Acer,pectinatum,Forresti,
Acer,pensylvanicum,,
Acer,pictum,,
Acer,pictum,Mayrii,
Acer,pictum,Taishakuense,
Acer,platanoides,,
Acer,platanoides,,var. rubrum
Acer,platanoides,Cleveland,
Acer,platanoides,Columnare,
Acer,platanoides,Crimson King,
Acer,platanoides,Crispum,
Acer,platanoides,Cucullatum,
Acer,platanoides,Deborah,
Acer,platanoides,Dieckii,
Acer,platanoides,Drummondii,
Acer,platanoides,Emerald Queen,
Acer,platanoides,Erectum,
Acer,platanoides,Fairview,
Acer,platanoides,Farlakes Green,
Acer,platanoides,Globosum,
Acer,platanoides,Goldsworth Purple,
Acer,platanoides,Laciniatum,
Acer,platanoides,Oekonomierat Stoll,
Acer,platanoides,Olmstead,
Acer,platanoides,Palmatifidum,
Acer,platanoides,Princeton Gold,
Acer,platanoides,Purple Variety,
Acer,platanoides,purpureum,
Acer,platanoides,Royal Red,
Acer,platanoides,Rubrum,
Acer,platanoides,Schwedleri,
Acer,platanoides,Walderseei,
Acer,pseudoplatanus,,
Acer,pseudoplatanus,Albo-variegatum,
Acer,pseudoplatanus,Atropurpureum,
Acer,pseudoplatanus,Brilliantissimum,
Acer,pseudoplatanus,Corstorphinense,
Acer,pseudoplatanus,cultivar,
Acer,pseudoplatanus,Leopoldii,
Acer,pseudoplatanus,Leopoldii,var. latifolia
Acer,pseudoplatanus,Negenia,
Acer,pseudoplatanus,Prince Camille de Rohan,
Acer,pseudoplatanus,Purpureum,
Acer,pseudoplatanus,Spaethii,
Acer,pseudoplatanus,Trilobatum,
Acer,pseudoplatanus,Variegatum,
Acer,pseudoplatanus,Worley,
Acer,pseudosieboldianum,,
Acer,rubrum,,
Acer,rubrum,,var. texensis
Acer,rubrum,Bowhall,
Acer,rubrum,October Glory,
Acer,rubrum,Scanlon,
Acer,rufinerve,,
Acer,rufinerve,Albolimbatum,
Acer,saccharinum,,
Acer,saccharinum,Green Mountain,
Acer,saccharinum,Pyramidale,
Acer,saccharinum,Wieri,
Acer,saccharum,,
Acer,sempervirens,,
Acer,shirasawanum,Aureum,
Acer,sieboldianum,,
Acer,sikkimense,,
Acer,stachyophyllum,,
Acer,tataricum,,
Acer,truncatum,,
Acer,tschonoskii,,
Acer,velutinum,,
Acer,x freemanii,Armstrong,
Acer,x freemanii,Autumn Blaze,
Acer,x freemanii,Autumn Fantasy,
Aesculus,,,
Aesculus,arguta,,
Aesculus,californica,,
Aesculus,flava,,
Aesculus,glabra,,
Aesculus,hippocastanum,,
Aesculus,hippocastanum,Baumannii,
Aesculus,hippocastanum,Digitata,
Aesculus,indica,,
Aesculus,parviflora,,
Aesculus,pavia,,
Aesculus,sylvatica,,
Aesculus,turbinata,,
Aesculus,x carnea,,
Aesculus,x carnea,Briotii,
Aesculus,x carnea,Plantierensis,
Aesculus,x carnea,Rubro-petiolata,
Aesculus,x neglecta,,
Ailanthus,,,
Ailanthus,altissima,,
Ailanthus,giraldii,,
Ailanthus,vilmoriniana,,
Albizia,,,
Albizia,julibrissin,,
Alnus,,,
Alnus,cordata,,
Alnus,fauriei,,
Alnus,firma,,
Alnus,formosana,,
Alnus,glutinosa,,
Alnus,glutinosa,Imperialis,
Alnus,glutinosa,Pyramidalis,
Alnus,hirsuta,,
Alnus,incana,,
Alnus,incana,Aurea,
Alnus,incana,Laciniata,
Alnus,japonica,,
Alnus,maritima,,
Alnus,maximowiczii,,
Alnus,mayrii,,
Alnus,nitida,,
Alnus,orientalis,,
Alnus,pendula,,
Alnus,rhombifolia,,
Alnus,rubra,,
Alnus,serrulata,,
Alnus,sieboldiana,,
Alnus,viridis,,
Alnus,x spaethii,,
Amelanchier,,,
Amelanchier,arborea,Robin Hill,
Amelanchier,canadensis,,
Amelanchier,grandiflora,Ballerina,
Amelanchier,laevis,,
Amelanchier,lamarckii,,
Aralia,,,
Aralia,elata,,
Araucaria,,,
Araucaria,araucana,,
Arbutus,,,
Arbutus,menziesii,,
Arbutus,unedo,,
Athrotaxis,,,
Athrotaxis,cupressoides,,
Athrotaxis,laxifolia,,
Austrocedrus,,,
Austrocedrus,chilensis,,
Betula,,,
Betula,albosinensis,,
Betula,albosinensis,Fascination,
Betula,alleghaniensis,,
Betula,borggreveana,,
Betula,calcicola,,
Betula,chichibuensis,,
Betula,chinensis,,
Betula,cordifolia,,
Betula,corylifolia,,
Betula,costata,,
Betula,dahurica,,
Betula,delavayi,,
Betula,ermanii,,
Betula,ermanii,,var. argenteus
Betula,globispica,,
Betula,grossa,,
Betula,insignis,,
Betula,kenaica,,
Betula,lenta,,
Betula,luminifera,,
Betula,maximowicziana,,
Betula,medwediewii,,
Betula,nigra,,
Betula,occidentalis,,
Betula,papyrifera,,
Betula,papyrifera,Kenaica,
Betula,pendula,,
Betula,pendula,Dalecarlica,
Betula,pendula,Decorticata,
Betula,pendula,Fastigiata,
Betula,pendula,Lanciniata,
Betula,pendula,Nigra,
Betula,pendula,Purpurea,
Betula,pendula,Tristis,
Betula,pendula,Youngii,
Betula,pendula,Zwisters Glory,
Betula,platyphylla,,var. heterophylla
Betula,populifolia,,
Betula,potaninii,,
Betula,pubescens,,
Betula,pubescens,,var. glabrata
Betula,pubescens,,var. pumila
Betula,schmidtii,,
Betula,szechuanica,,
Betula,tianschanica,,
Betula,utahensis,,
Betula,utilis,,
Betula,utilis,Inverleith,
Betula,utilis,Jacquemontii,
Broussonetia,,,
Broussonetia,papyrifera,,
Butia,,,
Butia,capitata,,
Buxus,,,
Buxus,sempervirens,,
Buxus,sempervirens,Arborescens,
Callistemon,,,
Callistemon,citrinus,,
Calocedrus,,,
Calocedrus,decurrens,,
Camellia,,,
Camellia,japonica,,
Camellia,sasanqua,,
Carpinus,,,
Carpinus,betulus,,
Carpinus,betulus,Fastigiata,
Carpinus,betulus,Frans Fontaine,
Carpinus,betulus,Incisa,
Carpinus,betulus,Purpurea,
Carpinus,caroliniana,,
Carpinus,cordata,,
Carpinus,japonica,,
Carpinus,kawakamii,,
Carpinus,laxiflora,,
Carpinus,pubescens,,
Carpinus,rankanensis,,
Carpinus,tschonoskii,,
Carpinus,turczaninowii,,
Carrierea,,,
Carrierea,calycina,,
Carya,,,
Carya,cordiformis,,
Carya,illinoinensis,,
Carya,ovata,,
Carya,tomentosa,,
Castanea,,,
Castanea,crenata,,
Castanea,dentata,,var. inermis
Castanea,sativa,,
Castanea,sativa,Variegata,
Castanea,seguinii,,
Catalpa,,,
Catalpa,bignonioides,,
Catalpa,bignonioides,Aurea,
Catalpa,fargesii,,
Catalpa,ovata,,
Catalpa,speciosa,,
Catalpa,x erubescens,,
Ceanothus,,,
Ceanothus,arboreus,,
Ceanothus,cuneatus,,
Cedrus,,,
Cedrus,atlantica,,
Cedrus,atlantica,Aurea,
Cedrus,atlantica,Fastigiata,
Cedrus,atlantica,Glauca,
Cedrus,atlantica,Pendula,
Cedrus,brevifolia,,
Cedrus,deodara,,
Cedrus,deodara,Kelly Gold,
Cedrus,libani,,
Cedrus,libani,Comte de Dijon,
Celtis,,,
Celtis,australis,,
Celtis,bungeana,,
Celtis,occidentalis,,var. orientalis
Celtis,reticulata,,
Cephalotaxus,fortunei,,
Cephalotaxus,harringtonii,,
Cephalotaxus,harringtonii,Fastigiata,
Cerasus,,,
Cerasus,pleiocerasus,,
Cerasus,trichostoma,,
Cercidiphyllum,,,
Cercidiphyllum,japonicum,,
Cercidiphyllum,magnificum,,
Cercis,,,
Cercis,canadensis,Forest Pansey,
Cercis,siliquastrum,,
Cercis,siliquastrum,Alba,
Chamaecyparis,,,
Chamaecyparis,formosensis,,
Chamaecyparis,lawsoniana,,
Chamaecyparis,lawsoniana,Argenteovariegata,
Chamaecyparis,lawsoniana,Columnaris,
Chamaecyparis,lawsoniana,Columnaris Glauca,
Chamaecyparis,lawsoniana,Croftway,
Chamaecyparis,lawsoniana,Ellwoodii,
Chamaecyparis,lawsoniana,Erecta,
Chamaecyparis,lawsoniana,Fletcheri,
Chamaecyparis,lawsoniana,Fraseri,
Chamaecyparis,lawsoniana,Intertexta,
Chamaecyparis,lawsoniana,Lutea,
Chamaecyparis,lawsoniana,Pembury Blue,
Chamaecyparis,lawsoniana,Pottenii,
Chamaecyparis,lawsoniana,Stardust,
Chamaecyparis,lawsoniana,Stewartii,
Chamaecyparis,lawsoniana,Wisselii,
Chamaecyparis,lawsoniana,Yvonne,
Chamaecyparis,nootkatensis,,
Chamaecyparis,nootkatensis,Aureovariegata,
Chamaecyparis,nootkatensis,Glauca,
Chamaecyparis,nootkatensis,Pendula,
Chamaecyparis,obtusa,,
Chamaecyparis,obtusa,Crippsii,
Chamaecyparis,obtusa,Lycopodioides,
Chamaecyparis,obtusa,Pygmaea,
Chamaecyparis,obtusa,Tetragona Aurea,
Chamaecyparis,pisifera,,
Chamaecyparis,pisifera,Filifera,
Chamaecyparis,pisifera,Plumosa Flavescens,
Chamaecyparis,pisifera,Squarrosa Sulphurea,
Chamaecyparis,thyoides,,
Chionanthus,,,
Chionanthus,retusus,,
Cladrastis,,,
Cladrastis,platycarpa,,
Clerodendrum,,,
Clerodendrum,trichotomum,,
Cordyline,,,
Cornus,,,
Cornus,,Eddie's White Wonder,
Cornus,alternifolia,,
Cornus,controversa,,
Cornus,controversa,Variegata,
Cornus,hemsleyi,,
Cornus,kousa,,
Cornus,kousa,China Girl,
Cornus,kousa,Milky Way,
Cornus,kousa,Stella Pink,
Cornus,macrophylla,,
Cornus,mas,,
Cornus,monbeigii,,
Cornus,nutalii,,
Cornus,sanguinea,,
Corylus,,,
Corylus,avellana,,
Corylus,avellana,Contorta,
Corylus,avellana,Zellernus,
Corylus,chinensis,,
Corylus,colurna,,
Corylus,ferox,,
Corylus,heterophylla,,
Corylus,jacquemontii,,
Corylus,maxima,,
Corylus,maxima,purpurea,
Corylus,sieboldiana,,
Cotoneaster,,,
Cotoneaster,frigidus,,
Cotoneaster,frigidus,Cornubia,
Cotoneaster,henryanus,,
Cotoneaster,lucidus,,
Cotoneaster,x watereri,,
Crataegus,,,
Crataegus,chungtienensis,,
Crataegus,coccinea,,
Crataegus,crus-galli,,
Crataegus,douglasii,,
Crataegus,jozana,,
Crataegus,kansuensis,,
Crataegus,laciniata,,
Crataegus,laevigata,,
Crataegus,laevigata,Paul's Scarlet,
Crataegus,lavallei,,
Crataegus,maximowiczii,,
Crataegus,monogyna,,
Crataegus,monogyna,Brevispina,
Crataegus,monogyna,Alboplena,
Crataegus,monogyna,Biflora,
Crataegus,monogyna,Compacta,
Crataegus,monogyna,Stricta,
Crataegus,persimilis,,
Crataegus,prunifolia,,
Crataegus,punctata,,
Crataegus,succulenta,,
Crataegus,tanacetifolia,,
Crataegus,x grignonensis,,
Crataegus,x lavalleei,Carrierei,
Crataegus,x lavallei,,
Crataegus,x prunifolia,,
Crataegus,x prunifolia,Splendens,
Crinodendron,,,
Crinodendron,patagua,,
Cryptomeria,,,
Cryptomeria,fortunei,,
Cryptomeria,japonica,,
Cryptomeria,japonica,Elegans,
Cunninghamia,,,
Cunninghamia,konishii,,
Cunninghamia,lanceolata,,
Cupressaceae,,,
Cupressus,,,
Cupressus,arizonica,,
Cupressus,arizonica,Glabra,
Cupressus,arizonica,Glauca,
Cupressus,bakeri,,
Cupressus,cashmeriana,,
Cupressus,chengiana,,
Cupressus,duclouxiana,,
Cupressus,dupreziana,,
Cupressus,goveniana,,
Cupressus,macrocarpa,,
Cupressus,macrocarpa,Goldcrest,
Cupressus,sempervirens,,
Cupressus,torulosa,,
Cydonia,,,
Cydonia,oblonga,,
Davidia,,,
Davidia,involucrata,,
Diospyros,,,
Diospyros,kaki,,
Diospyros,lotus,,
Dipteronia,sinensis,,
Disanthus,cercidifolius,,
Eucalyptus,,,
Eucalyptus,debeuzevillei,,
Eucalyptus,gunnii,,
Eucalyptus,niphophila,,
Eucalyptus,viminalis,,
Eucommia,ulmoides,,
Eucryphia,x nymansensis,,
Euonymus,,,
Euonymus,europaeus,,
Euonymus,europaeus,Red Cascade,
Euonymus,grandiflorus,,
Euptelea,polyandra,,
Fagus,,,
Fagus,engleriana,,
Fagus,grandifolia,,
Fagus,japonica,,
Fagus,orientalis,,
Fagus,sylvatica,,
Fagus,sylvatica,Asplenifolia,
Fagus,sylvatica,Atropurpurea,
Fagus,sylvatica,Aureomarginata,
Fagus,sylvatica,Dawyck,
Fagus,sylvatica,Dawyck Gold,
Fagus,sylvatica,Dawyck purpurea,
Fagus,sylvatica,Doneraile Purple,
Fagus,sylvatica,Latifolia,
Fagus,sylvatica,Pendula,
Fagus,sylvatica,Purpurea,
Fagus,sylvatica,Rohanii,
Fagus,sylvatica,Roseomarginata,
Fagus,sylvatica,Rotundifolia,
Fagus,sylvatica,Zlatia,
Feijoa,sellowiana,,
Ficus,carica,,
Fitzroya,cupressoides,,
Frangula,alnus,,
Fraxinus,,,
Fraxinus,americana,,
Fraxinus,americana,,ssp. trichocarpa
Fraxinus,americana,Autumn Applause,
Fraxinus,americana,Autumn Purple,
Fraxinus,americana,Rose Hill,
Fraxinus,angustifolia,,
Fraxinus,angustifolia,,var. australis
Fraxinus,angustifolia,Monophylla,
Fraxinus,angustifolia,Raywood,
Fraxinus,chinensis,,
Fraxinus,elonza,,ssp. lyonii
Fraxinus,excelsior,,
Fraxinus,excelsior,Altena,
Fraxinus,excelsior,Atlas,
Fraxinus,excelsior,Diversifolia,
Fraxinus,excelsior,Jaspidea,
Fraxinus,excelsior,Pendula,
Fraxinus,excelsior,Westof's Glorie,
Fraxinus,insularis,,
Fraxinus,lanuginosa,,
Fraxinus,latifolia,,
Fraxinus,latifolia,Pulverulenta,
Fraxinus,longicuspis,,
Fraxinus,mariesii,,
Fraxinus,ornus,,
Fraxinus,ornus,Arie Peters,
Fraxinus,ornus,Louisa Lady,
Fraxinus,ornus,Meczek,
Fraxinus,ornus,Obelisk,
Fraxinus,oxycarpa,,
Fraxinus,oxycarpa,Raywood,
Fraxinus,pennsylvanica,,
Fraxinus,pennsylvanica,Summit,
Fraxinus,platypoda,,
Fraxinus,profunda,,
Fraxinus,sieboldiana,,
Fraxinus,sogdiana,,
Fraxinus,spaethiana,,
Fraxinus,velutina,,
Fraxinus,xanthoxyloides,,
Fremontodendron,californicum,,
Ginkgo,biloba,,
Ginkgo,biloba,Lakeview,
Ginkgo,biloba,Nanum,
Ginkgo,biloba,Princeton Sentry,
Ginkgo,biloba,Saratoga,
Ginkgo,biloba,Tremonia,
Gleditsia,sinensis,,
Gleditsia,triacanthos,,
Gleditsia,triacanthos,Inermis,
Gleditsia,triacanthos,Skyline,
Gleditsia,triacanthos,Sunburst,
Gymnocladus,dioica,,
Halesia,carolina,,
Halesia,tetraptera,,
Hamamelis,x intermedia,Arnold Promise,
Hedera,,,
Hedera,helix,,
Hemiptelea,davidii,,
Hibiscus,syriacus,,
Hibiscus,syriacus,Red Heart,
Hibiscus,syriacus,Woodbridge,
Hippophae,,,
Hippophae,rhamnoides,,
Hippophae,salicifolia,,
Hovenia,dulcis,,
Idesia,polycarpa,,
Ilex,,,
Ilex,,Elegance,
Ilex,altaclerensis,,
Ilex,altaclerensis,Camelliifolia,
Ilex,altaclerensis,Hendersonii,
Ilex,altaclerensis,Hodginsii,
Ilex,aquifolium,,
Ilex,aquifolium,Alaska,
Ilex,aquifolium,Argentea Marginata,
Ilex,aquifolium,J C Van Tol,
Ilex,aquifolium,Nellie Stevens,
Ilex,aquifolium,Pendula,
Ilex,aquifolium,Pyramidalis,
Ilex,aquipernyi,Dragon Lady,
Ilex,castaneifolia,,
Ilex,x altaclerensis,,
Ilex,x altaclerensis,Golden King,
Juglans,,,
Juglans,ailantifolia,,
Juglans,californica,,
Juglans,cathayensis,,
Juglans,cinerea,,
Juglans,mandshurica,,
Juglans,microcarpa,,
Juglans,nigra,,
Juglans,regia,,
Juniperus,cedrus,,
Juniperus,chinensis,,
Juniperus,chinensis,Aurea,
Juniperus,communis,,
Juniperus,communis,Hibernica,
Juniperus,drupacea,,
Juniperus,excelsa,,
Juniperus,flaccida,,
Juniperus,monosperma,,
Juniperus,occidentalis,,var. columbia queen
Juniperus,procera,,
Juniperus,recurva,,
Juniperus,rigida,,
Juniperus,scopulorum,,
Juniperus,scopulorum,Blue Arrow,
Juniperus,squamata,,
Juniperus,virginiana,,
Juniperus,virginiana,Glauca,
Kalopanax,septemlobus,,
Koelreuteria,paniculata,,
Koelreuteria,paniculata,Fastigiata,
Laburnocytisus,adamii,,
Laburnum,,,
Laburnum,alpinum,,
Laburnum,anagyroides,,
Laburnum,x watereri,Vossii,
Lagarostrobos,franklinii,,
Lagerstroemia,indica,Rosea,
Lagerstroemia,indica,Violacea,
Larix,,,
Larix,decidua,,
Larix,kaempferi,,
Larix,x eurolepis,,
Laurus,nobilis,,
Ligustrum,compactum,,
Ligustrum,confusum,,
Ligustrum,japonicum,,
Ligustrum,lucidum,,
Ligustrum,lucidum,Variegata,
Ligustrum,ovalifolium,,
Ligustrum,sinense,,
Lindera,praecox,,
Lindera,umbellata,,
Liquidambar,formosana,,
Liquidambar,orientalis,,
Liquidambar,styraciflua,,
Liquidambar,styraciflua,Acalycina,
Liquidambar,styraciflua,Lane Roberts,
Liquidambar,styraciflua,Stella,
Liquidambar,styraciflua,Thea,
Liquidambar,styraciflua,Variegata,
Liquidambar,styraciflua,Worplesdon,
Liriodendron,chinense,,
Liriodendron,tulipifera,,
Liriodendron,tulipifera,Aureomarginata,
Liriodendron,tulipifera,Fastigiatum,
Lithocarpus,densiflorus,,
Magnolia,,,
Magnolia,,Chameleon,
Magnolia,,Charles Coates,
Magnolia,,Elizabeth,
Magnolia,,Galaxy,
Magnolia,,Heaven Scent,
Magnolia,,Leonard Messel,
Magnolia,,Spectrum,
Magnolia,,Star Wars,
Magnolia,,Susan,
Magnolia,,Yellow River,
Magnolia,acuminata,,
Magnolia,campbellii,,
Magnolia,campbellii,Charles Raffill,
Magnolia,cylindrica,,
Magnolia,denudata,,
Magnolia,globosa,,
Magnolia,grandiflora,,
Magnolia,grandiflora,Gallissonniere,
Magnolia,kobus,,
Magnolia,liliiflora,,
Magnolia,loebneri,,
Magnolia,obovata,,
Magnolia,salicifolia,,
Magnolia,salicifolia,Fasciata,
Magnolia,sargentiana,,
Magnolia,sargentiana,Alba,
Magnolia,sieboldii,,
Magnolia,soulangiana,,
Magnolia,soulangiana,Brozzonii,
Magnolia,sprengeri,,
Magnolia,sprengeri,,var. elongata
Magnolia,sprengeri,Diva,
Magnolia,stellata,,
Magnolia,stellata,Royal Star,
Magnolia,stellata,Waterlily,
Magnolia,wilsonii,,
Magnolia,x loebneri,Merrill,
Magnolia,x soulangeana,Lennei,
Mahonia,,,
Malus,,,
Malus,,Director Moerland,
Malus,,Donald Wyman,
Malus,,Evereste,
Malus,,John Downie,
Malus,,Mokum,
Malus,,Royalty,
Malus,,Rudolph,
Malus,atrosanguinea,,
Malus,baccata,,
Malus,baccata,Hiemalis,
Malus,baccata,Street Parade,
Malus,domestica,,
Malus,domestica,Bramley's Seedling,
Malus,domestica,Cox's Orange Pippin,
Malus,domestica,Elstar,
Malus,domestica,Golden Delicious,
Malus,domestica,Herefordshire Russet,
Malus,domestica,James Grieve,
Malus,domestica,Jonagold,
Malus,domestica,Keswick Codlin,
Malus,domestica,Laxton's Superb,
Malus,domestica,Red Devil,
Malus,domestica,Red Falstaff,
Malus,domestica,Red Windsor,
Malus,domestica,Rossette,
Malus,domestica,Royal Turk,
Malus,domestica,Wanstall Pippin,
Malus,domestica,Worcester Pearmain,
Malus,doumeri,,
Malus,florentina,,
Malus,floribunda,,
Malus,fusca,,
Malus,gloriosa,Oekonomierat Echtermeyer,
Malus,hupehensis,,
Malus,kansuensis,,
Malus,kansuensis,Calva,
Malus,prattii,,
Malus,pumila,,
Malus,pumila,Dartmouth,
Malus,robusta,,
Malus,robusta,Red Siberian,
Malus,sieboldii,,
Malus,sieboldii,,var. green gem
Malus,sieversii,,
Malus,sikkimensis,,
Malus,spectabilis,,
Malus,sylvestris,,
Malus,toringo,,
Malus,toringoides,,
Malus,transitoria,,
Malus,trilobata,,
Malus,tschonoskii,,
Malus,x moerlandsii,Profusion,
Malus,x purpurea,,
Malus,x robusta,Red Sentinel,
Malus,x zumi,,
Malus,x zumi,Golden Hornet,
Malus,yunnanensis,,
Malus,yunnanensis,,var. inermis
Malus,zumi,,
Malus,zumi,Golden Hornet,
Meliosma,beaniana,,
Meliosma,dilleniifolia,,
Meliosma,veitchiorum,,
Mespilus,germanica,,
Mespilus,germanica,Dutch,
Metasequoia,glyptostroboides,,
Morus,,,
Morus,alba,,
Morus,alba,Fruitless,
Morus,alba,Platanifolia,
Morus,nigra,,
Nothofagus,,,
Nothofagus,alessandrii,,
Nothofagus,antarctica,,
Nothofagus,betuloides,,
Nothofagus,dombeyi,,
Nothofagus,fusca,,
Nothofagus,glauca,,
Nothofagus,leonii,,
Nothofagus,menziesii,,
Nothofagus,nervosa,,
Nothofagus,obliqua,,
Nothofagus,procera,,
Nothofagus,pumilio,,
Nothofagus,solandri,,
Nyssa,aquatica,,
Nyssa,sylvatica,,
Olea,europaea,,
Orixa,japonica,,
Ostrya,carpinifolia,,
Ostrya,virginiana,,
Padus,brachypoda,,
Parathesis,,,
Parrotia,persica,,
Parrotia,persica,Vanessa,
Paulownia,,,
Paulownia,kawakamii,,
Paulownia,tomentosa,,
Phellodendron,amurense,,
Phellodendron,chinense,,
Phellodendron,japonicum,,
Phellodendron,lavallei,,
Philadelphus,,,
Photinia,fraseri,Red Robin,
Picea,,,
Picea,abies,,
Picea,abies,Pseudomaxwellii,var. eleyi
Picea,alcoquiana,,
Picea,asperata,,
Picea,brachytyla,,
Picea,brachytyla,,var. brachytyla
Picea,brachytyla,,var. complanata
Picea,breweriana,,
Picea,engelmannii,,
Picea,glehnii,,
Picea,jezoensis,,
Picea,koyamae,,
Picea,likiangensis,,
Picea,likiangensis,,var. rubescens
Picea,lutzii,,
Picea,meyeri,,
Picea,obovata,,
Picea,omorika,,
Picea,orientalis,,
Picea,orientalis,Gracilis,
Picea,pungens,,
Picea,pungens,Glauca,
Picea,pungens,Glauca Pendula,
Picea,pungens,Hoopsii,
Picea,purpurea,,
Picea,schrenkiana,,
Picea,sitchensis,,
Picea,smithiana,,
Picea,torano,,
Picea,wilsonii,,
Pinus,,,
Pinus,aristata,,
Pinus,armandii,,
Pinus,attenuata,,
Pinus,ayacahuite,,
Pinus,balfouriana,,
Pinus,banksiana,,
Pinus,bhutanica,,
Pinus,bungeana,,
Pinus,cembra,,
Pinus,cembroides,,
Pinus,contorta,,
Pinus,contorta,Latifolia,
Pinus,coulteri,,
Pinus,culminicola,,
Pinus,densata,,
Pinus,densiflora,,
Pinus,densiflora,Pumila,
Pinus,densiflora,Umbraculifera,ssp. balsamifera
Pinus,edulis,,
Pinus,flexilis,,
Pinus,halepensis,,
Pinus,jeffreyi,,
Pinus,koraiensis,,
Pinus,leucodermis,,
Pinus,longaeva,,
Pinus,monticola,,
Pinus,mugo,,
Pinus,mugo,Mops,
Pinus,muricata,,
Pinus,nelsonii,,
Pinus,nigra,,
Pinus,nigra,laricio,
Pinus,nigra,Nigra,
Pinus,parviflora,,
Pinus,peuce,,
Pinus,pinaster,,
Pinus,pinea,,
Pinus,ponderosa,,
Pinus,radiata,,
Pinus,resinosa,,
Pinus,rigida,,
Pinus,sabineana,,
Pinus,schwerinii,,
Pinus,strobus,,
Pinus,sylvestris,,
Pinus,sylvestris,Argentea Inverleith,
Pinus,sylvestris,Aurea,
Pinus,sylvestris,Beuvronensis,
Pinus,sylvestris,Fastigiata,
Pinus,sylvestris,Viridis Compacta,
Pinus,tabuliformis,,
Pinus,thunbergii,,
Pinus,wallichiana,,
Pinus,yunnanensis,,
Pistacia,chinensis,,
Pittosporum,tenuifolium,,
Plagianthus,regius,,
Platanus,,,
Platanus,acerifolia,Hispanica,
Platanus,mexicana,,
Platanus,occidentalis,,
Platanus,orientalis,,
Platanus,orientalis,Cuneata,
Platanus,orientalis,Digitata,
Platanus,orientalis,Minaret,
Platanus,x acerifolia,,
Platanus,x acerifolia,Pyramidalis,
Platanus,x hispanica,,
Platanus,x hispanica,Alphens Globe,
Platycarya,strobilacea,,
Platycladus,orientalis,,
Podocarpus,lawrencei,,
Podocarpus,nubigenus,,
Podocarpus,salignus,,
Poliothyrsis,sinensis,,
Polylepis,australis,,
Poncirus,trifoliata,,
Populus,,,
Populus,,Androscoggin,
Populus,alba,,
Populus,alba,Raket,
Populus,angustifolia,,
Populus,balsamifera,,
Populus,canadensis,,
Populus,canadensis,Eugenei,
Populus,canadensis,Gelrica,
Populus,canadensis,Regenerata,
Populus,canadensis,Robusta,
Populus,canescens,,
Populus,euramericana,,
Populus,fremontii,,
Populus,jacquemontii,,
Populus,lasiocarpa,,
Populus,maximowiczii,,
Populus,nigra,,
Populus,nigra,betulifolia,
Populus,nigra,Italica,
Populus,nigra,Plantierensis,
Populus,nigra,Pryamidalis,
Populus,serotina,,
Populus,serotina,Aurea,
Populus,szechuanica,,
Populus,tremula,,
Populus,tremula,Erecta,
Populus,tremula,Gigas,
Populus,trichocarpa,,
Populus,wilsonii,,
Populus,x canadensis,,
Populus,x canescens,,
Populus,x jackii,,
Populus,x jackii,aurora,
Populus,yunnanensis,,
Prumnopitys,andina,,
Prunus,,,
Prunus,,Accolade,
Prunus,,Cheals Weeping,
Prunus,,Okame,
Prunus,,Pandora,
Prunus,,Pink Perfection,
Prunus,,Royal Burgundy,
Prunus,,Shimidsu Sakura,
Prunus,,Shirofugen,
Prunus,,Shirotae,
Prunus,,Snow goose,
Prunus,,Spire,
Prunus,,Sunset Boulevard,
Prunus,,Taihaku,
Prunus,,Ukon,
Prunus,,Umineko,
Prunus,apetala,,
Prunus,avium,,
Prunus,avium,Plena,
Prunus,avium,Stella,
Prunus,blieriana,,
Prunus,canescens,,
Prunus,cerasifera,,
Prunus,cerasifera,Diversifolia,
Prunus,cerasifera,Nigra,
Prunus,cerasifera,Pissardii,
Prunus,cerasus,,
Prunus,cerasus,Morello,
Prunus,clarofolia,,
Prunus,cornuta,,
Prunus,divaricata,,
Prunus,domestica,,
Prunus,domestica,Opal,
Prunus,domestica,Oullins Golden,
Prunus,domestica,Victoria,
Prunus,dulcis,,
Prunus,fruticosa,Globosa,
Prunus,glyptocarya,,
Prunus,grayana,,
Prunus,hirtipes,,
Prunus,incisa,,
Prunus,incisa,Louisa Leo,
Prunus,jamasakura,,
Prunus,laurocerasus,,
Prunus,laurocerasus,Caucasica,
Prunus,laurocerasus,Latifolia,
Prunus,laurocerasus,Novita,
Prunus,laurocerasus,Rotundifolia,
Prunus,lusitanica,,
Prunus,lusitanica,Angustifolia,
Prunus,maackii,,
Prunus,maackii,Amber Beauty,
Prunus,maximowiczii,,
Prunus,mira,,
Prunus,nipponica,,
Prunus,padus,,
Prunus,padus,Albertii,
Prunus,padus,Colorata,
Prunus,padus,Watereri,
Prunus,pennsylvanica,Auburn Splendour,
Prunus,persica,,
Prunus,pilosiuscula,,
Prunus,pissardii,,
Prunus,pissardii,nigra,
Prunus,rufa,,
Prunus,salicina,,
Prunus,sargentii,,
Prunus,sargentii,Rancho,
Prunus,serotina,,
Prunus,serrula,,
Prunus,serrula,Tibetica,
Prunus,serrulata,,
Prunus,serrulata,Amanogawa,
Prunus,serrulata,Daikoku,
Prunus,serrulata,Jo-nioi,
Prunus,serrulata,Kanzan,
Prunus,serrulata,Shirofugen,
Prunus,serrulata,Washi-no-o,
Prunus,serrulata,Yedo Zakura,
Prunus,spinosa,,
Prunus,spinosa,Plena,
Prunus,subhirtella,,
Prunus,subhirtella,Autumnalis,
Prunus,subhirtella,Autumnalis Rosea,
Prunus,subhirtella,Pendula,
Prunus,subhirtella,Rosea,
Prunus,tomentosa,,
Prunus,triloba,,
Prunus,vaniotii,,
Prunus,verrunda,,
Prunus,virginiana,Schubert,
Prunus,x gondouinii,Schnee,
Prunus,x hillieri,Spire,
Prunus,x schmittii,,
Prunus,yedoensis,,
Pseudotsuga,,,
Pseudotsuga,menziesii,,
Pseudotsuga,menziesii,Moerheimii,
Pseudotsuga,wilsoniana,,
Ptelea,crenulata,,
Ptelea,trifoliata,,
Pterocarya,,,
Pterocarya,fraxinifolia,,
Pterocarya,macroptera,,
Pterocarya,macroptera,,var. bolanderi
Pterocarya,rhoifolia,,
Pterocarya,stenoptera,,
Pterocarya,x rehderiana,,
Pterostyrax,corymbosa,,
Pterostyrax,hispida,,
Pyrus,,,
Pyrus,,Chanticleer,
Pyrus,amygdaliformis,,
Pyrus,balansae,,
Pyrus,bourgaeana,,
Pyrus,calleryana,,
Pyrus,calleryana,Chanticleer,
Pyrus,calleryana,Redspire,
Pyrus,communis,,
Pyrus,communis,Beech Hill,
Pyrus,communis,Beurre Hardy,
Pyrus,communis,Concorde,
Pyrus,communis,Conference,
Pyrus,communis,Doyenne du Comice,
Pyrus,communis,Hessle,
Pyrus,cossonii,,
Pyrus,elaeagrifolia,,
Pyrus,korshinskyi,,
Pyrus,nivalis,,
Pyrus,orthocarpa,,
Pyrus,pashia,,
Pyrus,pubescens,,
Pyrus,salicifolia,,
Pyrus,salicifolia,Pendula,
Pyrus,salicifolia,Pendula,var. purpurea
Pyrus,ussuriensis,,
Pyrus,x canescens,,
Quercus,,,
Quercus,acuta,,
Quercus,acutissima,,
Quercus,alba,,
Quercus,alnifolia,,
Quercus,aucheri,,
Quercus,bicolor,,
Quercus,castaneifolia,,
Quercus,cerris,,
Quercus,chrysolepis,,
Quercus,coccifera,,
Quercus,coccinea,,
Quercus,dentata,,
Quercus,ellipsoidalis,,
Quercus,frainetto,,
Quercus,garryana,,
Quercus,glandulifera,,
Quercus,hickelii,,
Quercus,hispanica,Diversifolia,
Quercus,hispanica,Fulhamensis,
Quercus,hispanica,Lucombeana,
Quercus,ilex,,
Quercus,ilex,Fordii,
Quercus,imbricaria,,
Quercus,ithaburensis,,
Quercus,kelloggii,,
Quercus,libani,,
Quercus,lobata,,
Quercus,macranthera,,
Quercus,mongolica,,
Quercus,moreha,,
Quercus,morii,,
Quercus,myrsinifolia,,
Quercus,palustris,,
Quercus,petraea,,
Quercus,petraea,Mespilifolia,
Quercus,petraea,Muscaviensis,
Quercus,petraea,Rubicunda,
Quercus,phillyreoides,,
Quercus,pontica,,
Quercus,prinoides,,
Quercus,prinus,,
Quercus,pubescens,,
Quercus,pyrenaica,,
Quercus,pyrenaica,Pendula,
Quercus,robur,,
Quercus,robur,Crispa,
Quercus,robur,Fastigiata,
Quercus,robur,Fastigiata Koster,
Quercus,robur,Filicifolia,
Quercus,robur,Mutabilis,
Quercus,robur,Pulverulenta,
Quercus,robur,Purpurascens,
Quercus,robur,Scolopendrifolia,
Quercus,robur,Variegata,
Quercus,rosacea,,
Quercus,rotundifolia,,var. neomexicana
Quercus,rubra,,
Quercus,sadleriana,,
Quercus,serrata,,
Quercus,suber,,
Quercus,trojana,,
Quercus,turneri,Pseudoturneri,
Quercus,variabilis,,
Quercus,velutina,,
Quercus,velutina,Albertsii,
Quercus,wislizeni,,var. coral fire
Quercus,x hispanica,Wageningen,
Quercus,x rosacea,,
Rhamnus,cathartica,,
Rhamnus,grandifolia,,subsp. neochrysantha
Rhus,chinensis,,
Rhus,typhina,,
Robinia,,Frisia,
Robinia,pseudoacacia,,
Robinia,pseudoacacia,Bessoniana,
Robinia,pseudoacacia,Casque Rouge,
Robinia,pseudoacacia,Frisia,
Robinia,pseudoacacia,Monophylla Fastigiata,
Robinia,pseudoacacia,Semperflorens,
Robinia,pseudoacacia,Umbraculifera,
Salix,,,
Salix,,Tortuosa,
Salix,alba,,
Salix,alba,Chermesina,
Salix,alba,Liempde,
Salix,alba,Rockanje,
Salix,alba,Tristis,
Salix,babylonica,,
Salix,babylonica,Tortuosa,
Salix,caprea,,
Salix,caprea,Pendula,
Salix,cinerea,,
Salix,daphnoides,,
Salix,fragilis,,
Salix,matsudana,Tortuosa,
Salix,pentandra,,
Salix,sepulcralis,,
Salix,sepulcralis,Chrysocoma,
Salix,tetrapla,,
Salix,viminalis,,
Salix,x chrysocoma,,
Salix,x cryptodonta,,var. marina
Salix,x sepulcralis,Chrysocoma,
Salix,x tetrapla,,
Sambucus,nigra,,
Saxegothaea,conspicua,,
Schefflera,taiwaniana,,
Sciadopitys,verticillata,,
Sequoia,sempervirens,,
Sequoia,sempervirens,Adpressa,
Sequoiadendron,giganteum,,
Sequoiadendron,giganteum,Glauca,
Sophora,,,
Sophora,japonicum,,
Sorbopyrus,auricularis,,ssp. asplenifolius
Sorbus,,,
Sorbus,,Joseph Rock,
Sorbus,,Pearly King,
Sorbus,,Pink Pearl,
Sorbus,alnifolia,,
Sorbus,amoena,,
Sorbus,anglica,,
Sorbus,apiculata,,
Sorbus,aria,,
Sorbus,aria,Big leaved from,
Sorbus,aria,Lutescens,
Sorbus,aria,Magnifica,
Sorbus,aria,Majestica,
Sorbus,aria,Mitchellii,
Sorbus,arranensis,,
Sorbus,aucuparia,,
Sorbus,aucuparia,Asplenifolia,
Sorbus,aucuparia,Cardinal Royal,
Sorbus,aucuparia,Decurrens,
Sorbus,aucuparia,Edulis,
Sorbus,aucuparia,Golden Wonder,
Sorbus,aucuparia,Joseph Rock,
Sorbus,aucuparia,Rossica Major,
Sorbus,aucuparia,Sheerwater Seedling,
Sorbus,aucuparia,Vilmorinii,
Sorbus,brevipetiolata,,
Sorbus,bristoliensis,,
Sorbus,caloneura,,
Sorbus,cashmiriana,,
Sorbus,commixta,,
Sorbus,commixta,Embley,
Sorbus,croceocarpa,,
Sorbus,decora,,
Sorbus,devoniensis,,
Sorbus,discolor,,
Sorbus,domestica,,
Sorbus,eburnea,,
Sorbus,eminens,,
Sorbus,epidendron,,
Sorbus,fansipanensis,,
Sorbus,filipes,,
Sorbus,foliolosa,,
Sorbus,glabriuscula,,
Sorbus,glomerulata,,
Sorbus,gracilis,,
Sorbus,graeca,,
Sorbus,harrowiana,,
Sorbus,hemsleyi,,
Sorbus,hibernica,,
Sorbus,himalaica,,
Sorbus,hupehensis,,
Sorbus,hybrida,Gibbsii,
Sorbus,hypoglauca,,
Sorbus,insignis,,
Sorbus,intermedia,,
Sorbus,intermedia,Brouwers,
Sorbus,japonica,,
Sorbus,koehneana,,
Sorbus,kurzii,,
Sorbus,latifolia,,
Sorbus,latifolia,Atrovirens,
Sorbus,latifolia,Henk Vink,
Sorbus,leptophylla,,
Sorbus,leyana,,
Sorbus,megalocarpa,,
Sorbus,meinichii,,
Sorbus,microphylla,,
Sorbus,minima,,
Sorbus,monbeigii,,
Sorbus,mougeotii,,
Sorbus,muliensis,,
Sorbus,munda,,
Sorbus,sambucifolia,,
Sorbus,sargentiana,,
Sorbus,scalaris,,
Sorbus,thibetica,,
Sorbus,thuringiaca,Fastigiata,
Sorbus,tianschanica,,
Sorbus,torminalis,,
Sorbus,vestita,,
Sorbus,vexans,Taxon D,
Sorbus,vilmorinii,,
Sorbus,whiteana,,
Sorbus,wilmottiana,,
Sorbus,wilsoniana,,
Sorbus,x arnoldiana,Schouten,
Sorbus,x thuringiaca,,
Staphylea,pinnata,,
Staphylea,trifolia,,
Stuartia,ovata,,
Stuartia,pseudocamilla,,
Styphnolobium,japonicum,,
Styrax,,,
Styrax,japonicus,,
Styrax,odoratissimus,,
Symplocos,chinensis,,
Syringa,komarowii,,
Syringa,reticulata,Ivory Silk,
Syringa,vulgaris,,
Syringa,vulgaris,Viola,
Taiwania,cryptomerioides,,
Tamarix,,,
Tamarix,aestivalis,,
Tamarix,gallica,,
Tamarix,tetrandra,,
Tapiscia,sinensis,,
Taxodium,distichum,,
Taxus,baccata,,
Taxus,baccata,Adpressa,
Taxus,baccata,Aurea,
Taxus,baccata,Dovastoniana,
Taxus,baccata,Fastigiata,
Taxus,baccata,Fastigiata Aurea,
Taxus,baccata,Fastigiata Aureomarginata,
Taxus,canadensis,,
Taxus,chinensis,,
Taxus,cuspidata,Thayerae,
Taxus,hunnewelliana,,
Taxus,media,Hicksii,
Taxus,wallichiana,,
Taxus,x media,Hicksii,
Tetracentron,sinense,,
Tetradium,daniellii,,
Thuja,,,
Thuja,koraiensis,,
Thuja,occidentalis,Ohlendorffii,
Thuja,occidentalis,Rheingold,
Thuja,plicata,,
Thuja,plicata,Atrovirens,
Thuja,plicata,Aurea,
Thuja,standishii,,
Thujopsis,dolabrata,,
Thujopsis,dolabrata,Variegata,
Tilia,,,
Tilia,americana,,
Tilia,americana,Redmond,
Tilia,cordata,,
Tilia,cordata,Greenspire,
Tilia,cordata,Rancho,
Tilia,cordata,Winter Orange,
Tilia,cordata x mongolica,Harvest Gold,
Tilia,euchlora,,
Tilia,europaea,,
Tilia,europaea,Pendula,
Tilia,henryana,,
Tilia,heterophylla,,
Tilia,insularis,,
Tilia,japonica,,
Tilia,laetevirens,,
Tilia,mandshurica,,
Tilia,maximowicziana,,
Tilia,moltkei,,
Tilia,mongolica,,
Tilia,oliveri,,
Tilia,petiolaris,,
Tilia,platyphyllos,,
Tilia,platyphyllos,Cordifolia,
Tilia,platyphyllos,Delft,
Tilia,tomentosa,,
Tilia,tomentosa,Brabant,
Tilia,tomentosa,Petiolaris,
Tilia,tuan,,
Tilia,x euchlora,,
Tilia,x europaea,,
Tilia,x europaea,Pallida,
Tilia,x vulgaris,,
Toona,sinensis,,
Torreya,californica,,
Torreya,nucifera,,
Torreya,taxifolia,,
Toxicodendron,hookeri,,ssp. nitida
Toxicodendron,vernicifluum,,
Trachycarpus,fortunei,,
Tsuga,canadensis,,
Tsuga,canadensis,Pendula,
Tsuga,caroliniana,,
Tsuga,chinensis,,
Tsuga,diversifolia,,
Tsuga,dumosa,,
Tsuga,heterophylla,,
Tsuga,mertensiana,,
Tsuga,sieboldii,,
Ulmus,,,
Ulmus,,Clusius,
Ulmus,,New Horizon,
Ulmus,,Plinio,
Ulmus,,San Zanobi,var. silicicola
Ulmus,,Wanoux,
Ulmus,alata,,female
Ulmus,americana,,
Ulmus,americana,Princeton Riveredge,
Ulmus,carpinifolia,,
Ulmus,carpinifolia,Wredei Aurea,
Ulmus,crassifolia,,
Ulmus,davidiana,,
Ulmus,davidiana,Japonica,
Ulmus,elliptica,,
Ulmus,glabra,,
Ulmus,glabra,Montana,
Ulmus,glabra,Camperdown,
Ulmus,glabra,Exoniensis,
Ulmus,glabra,Nana,
Ulmus,laevis,,
Ulmus,minor,,
Ulmus,minor,Sarniensis,
Ulmus,procera,,
Ulmus,pumila,,
Ulmus,pumila,Pinnato-Ramosa,
Ulmus,serotina,,
Ulmus,x hollandica,,
Umbellularia,californica,,
Vaccinium,wrightii,,
Viburnum,betulifolium,,
Viburnum,davidii,,
Wollemia,nobilis,,
x Chitalpa,tashkentensis,,
x Chitalpa,tashkentensis,Summer Bells,
x Cupressocyparis,leylandii,,
x Cupressocyparis,leylandii,Castlewellan,
x Sorbaronia,,Jackii,
Xanthoceras,sorbifolium,,
Xanthocyparis,nootkatensis,,
Xanthocyparis,vietnamensis,,
Zanthoxylum,piperitum,,
Zelkova,carpinifolia,,
Zelkova,serrata,,
Zelkova,serrata,Green Vase,
Zelkova,sinica,,
Zelkova,verschaffeltii,,
